{"loss": [4.784513473510742, 0.8009206056594849, 0.5366359949111938, 0.2862086594104767, 0.2948586046695709, 0.26240745186805725, 0.23566356301307678, 0.1850297898054123, 0.19109199941158295, 0.17001426219940186, 0.18994584679603577, 0.20651425421237946, 0.17815373837947845, 0.23658901453018188, 0.18279963731765747, 0.21337488293647766, 0.22344286739826202, 0.1410752236843109, 0.2127625048160553, 0.17562805116176605, 0.11206170171499252, 0.21086324751377106, 0.1841915100812912, 0.17457892000675201, 0.17144639790058136, 0.14133353531360626, 0.14807847142219543, 0.16866344213485718, 0.12185449153184891, 0.08163988590240479], "accuracy": [0.6231744289398193, 0.8539560437202454, 0.9109292030334473, 0.9462365508079529, 0.954742431640625, 0.9656555652618408, 0.9719146490097046, 0.9740009903907776, 0.9765687584877014, 0.9813833832740784, 0.9837906956672668, 0.9844326972961426, 0.9842721819877625, 0.9858770370483398, 0.9857165813446045, 0.9826673269271851, 0.9871609807014465, 0.9903707504272461, 0.9863585233688354, 0.9884448647499084, 0.9926175475120544, 0.9865190386772156, 0.9884448647499084, 0.9898892641067505, 0.9908521771430969, 0.9919756054878235, 0.9921361207962036, 0.9929385185241699, 0.9927780628204346, 0.9942224621772766], "val_loss": [0.20220792293548584, 0.11777789145708084, 0.08311961591243744, 0.4544307291507721, 0.3668261468410492, 0.00657642912119627, 0.008690389804542065, 0.8838601112365723, 0.00020053413754794747, 0.0007080573122948408, 0.00033166329376399517, 0.030621405690908432, 4.737545532407239e-05, 0.04344851151108742, 1.6951362340478227e-05, 1.0739930868148804, 0.04386952146887779, 0.00883917324244976, 0.020333705469965935, 0.3090413808822632, 0.14451494812965393, 0.0019612992182374, 0.004875847138464451, 2.61869871565068e-07, 0.12876388430595398, 3.828171668551761e-10, 0.005518134217709303, 0.011180575005710125, 0.08128158748149872, 0.07576930522918701], "val_accuracy": [0.9152215719223022, 0.9457289576530457, 0.9682080745697021, 0.8885677456855774, 0.9261400103569031, 0.9974309802055359, 0.9977520704269409, 0.9322414994239807, 1.0, 0.9996788501739502, 1.0, 0.9958252906799316, 1.0, 0.9935774207115173, 1.0, 0.9222864508628845, 0.9881181716918945, 0.9987154603004456, 0.9980732202529907, 0.9868336319923401, 0.9922928810119629, 0.9993577599525452, 0.9993577599525452, 1.0, 0.9890815615653992, 1.0, 0.9993577599525452, 0.9987154603004456, 0.9938985109329224, 0.9961464405059814]}